{"cameraMode":{"drawMode":0,"name":"Shaded","section":"Shading Mode"},"sceneLighting":false,"audioPlay":false,"sceneViewState":{"showFog":true,"showMaterialUpdate":false,"showSkybox":false,"showFlares":true,"showImageEffects":true,"showParticleSystems":true},"in2DMode":false,"pivot":{"x":0.23000000417232514,"y":0.09000000357627869,"z":-1.309999942779541},"rotation":{"x":-0.012335671111941338,"y":0.5680500864982605,"z":0.008516020141541958,"w":0.8228618502616882},"size":1.3820116519927979,"orthographic":false}