{"cameraMode":{"drawMode":0,"name":"Shaded","section":"Shading Mode"},"sceneLighting":false,"audioPlay":false,"sceneViewState":{"showFog":true,"showMaterialUpdate":false,"showSkybox":false,"showFlares":true,"showImageEffects":true,"showParticleSystems":true},"in2DMode":false,"pivot":{"x":-4.175530433654785,"y":-3.622178077697754,"z":-1.1647239923477173},"rotation":{"x":-0.18835219740867616,"y":0.5548923015594482,"z":-0.13069120049476624,"w":-0.7997115254402161},"size":11.188467979431153,"orthographic":false}