{"cameraMode":{"drawMode":0,"name":"Shaded","section":"Shading Mode"},"sceneLighting":false,"audioPlay":false,"sceneViewState":{"showFog":true,"showMaterialUpdate":false,"showSkybox":false,"showFlares":true,"showImageEffects":true,"showParticleSystems":true},"in2DMode":false,"pivot":{"x":-1.302811622619629,"y":0.6057671904563904,"z":-6.5304646492004398},"rotation":{"x":-0.012335671111941338,"y":0.5680500864982605,"z":0.008516020141541958,"w":0.8228618502616882},"size":5.872270107269287,"orthographic":false}